[["2022-06-01 08:02:05.393", "123456", {"status": {"name" : "status", "value": "32", "datatype" : "STRING"}, "sampleId": {"name" : "sampleId", "value": "123456", "datatype" : "STRING"}, "attribute1" : {"name" : "attribute1", "status": "32", "datatype" : "STRING"},
 "attribute2": {"name" : "attribute2", "value": -45.4566, "status": "64", "datatype" : "FLOAT"}, "attribute3": {"name" : "attribute3", "value": -45.4566, "status": "64", "datatype" : "FLOAT"}, "attribute4": {"name" : "attribute4", "value": 23.4567, "status": "1", "datatype" : "FLOAT"}}],
["2022-06-01 08:03:05.393", "123457", {"status": {"name" : "status", "value": "32", "datatype" : "STRING"}, "sampleId": {"name" : "sampleId", "value": "123457", "datatype" : "STRING"}, "attribute1" : {"name" : "attribute1", "status": "32", "datatype" : "STRING"},
 "attribute2": {"name" : "attribute2", "value": -45.4566, "status": "64", "datatype" : "FLOAT"}, "attribute3": {"name" : "attribute3", "value": -45.4566, "status": "64", "datatype" : "FLOAT"}, "attribute4": {"name" : "attribute4", "value": 23.4567, "status": "1", "datatype" : "FLOAT"}}],
["2022-06-01 08:04:05.393", "123458", {"status": {"name" : "status", "value": "32", "datatype" : "STRING"}, "sampleId": {"name" : "sampleId", "value": "123458", "datatype" : "STRING"}, "attribute1" : {"name" : "attribute1", "status": "32", "datatype" : "STRING"},
 "attribute2": {"name" : "attribute2", "value": -45.4566, "status": "64", "datatype" : "FLOAT"}, "attribute3": {"name" : "attribute3", "value": -45.4566, "status": "64", "datatype" : "FLOAT"}, "attribute4": {"name" : "attribute4", "value": 23.4567, "status": "1", "datatype" : "FLOAT"}}],
["2022-06-01 08:05:05.393", "123459", {"status": {"name" : "status", "value": "32", "datatype" : "STRING"}, "sampleId": {"name" : "sampleId", "value": "123459", "datatype" : "STRING"}, "attribute1" : {"name" : "attribute1", "status": "32", "datatype" : "STRING"},
 "attribute2": {"name" : "attribute2", "value": -45.4566, "status": "64", "datatype" : "FLOAT"}, "attribute3": {"name" : "attribute3", "value": -45.4566, "status": "64", "datatype" : "FLOAT"}, "attribute4": {"name" : "attribute4", "value": 23.4567, "status": "1", "datatype" : "FLOAT"}}]]