[["2022-06-01 08:06:05.393", "123460", {"status": {"name" : "status", "value": "32", "datatype" : "STRING"}, "sampleId": {"name" : "sampleId", "value": "123460", "datatype" : "STRING"}, "attribute1" : {"name" : "attribute1", "status": "32", "datatype" : "STRING"},
 "attribute2": {"name" : "attribute2", "value": -45.4566, "status": "64", "datatype" : "FLOAT"}, "attribute3": {"name" : "attribute3", "value": -45.4566, "status": "64", "datatype" : "FLOAT"}, "attribute4": {"name" : "attribute4", "value": 23.4567, "status": "1", "datatype" : "FLOAT"}}],
["2022-06-01 08:07:05.393", "123461", {"status": {"name" : "status", "value": "32", "datatype" : "STRING"}, "sampleId": {"name" : "sampleId", "value": "123461", "datatype" : "STRING"}, "attribute1" : {"name" : "attribute1", "status": "32", "datatype" : "STRING"},
 "attribute2": {"name" : "attribute2", "value": -45.4566, "status": "64", "datatype" : "FLOAT"}, "attribute3": {"name" : "attribute3", "value": -45.4566, "status": "64", "datatype" : "FLOAT"}, "attribute4": {"name" : "attribute4", "value": 23.4567, "status": "1", "datatype" : "FLOAT"}}],
["2022-06-01 08:08:05.393", "123462", {"status": {"name" : "status", "value": "32", "datatype" : "STRING"}, "sampleId": {"name" : "sampleId", "value": "123462", "datatype" : "STRING"}, "attribute1" : {"name" : "attribute1", "status": "32", "datatype" : "STRING"},
 "attribute2": {"name" : "attribute2", "value": -45.4566, "status": "64", "datatype" : "FLOAT"}, "attribute3": {"name" : "attribute3", "value": -45.4566, "status": "64", "datatype" : "FLOAT"}, "attribute4": {"name" : "attribute4", "value": 23.4567, "status": "1", "datatype" : "FLOAT"}}],
["2022-06-01 08:09:05.393", "123463", {"status": {"name" : "status", "value": "32", "datatype" : "STRING"}, "sampleId": {"name" : "sampleId", "value": "123463", "datatype" : "STRING"}, "attribute1" : {"name" : "attribute1", "status": "32", "datatype" : "STRING"},
 "attribute2": {"name" : "attribute2", "value": -45.4566, "status": "64", "datatype" : "FLOAT"}, "attribute3": {"name" : "attribute3", "value": -45.4566, "status": "64", "datatype" : "FLOAT"}, "attribute4": {"name" : "attribute4", "value": 23.4567, "status": "1", "datatype" : "FLOAT"}}]]