[["2022-06-01 08:10:05.393", "123464", {"status": {"name" : "status", "value": "32", "datatype" : "STRING"}, "sampleId": {"name" : "sampleId", "value": "123464", "datatype" : "STRING"}, "attribute1" : {"name" : "attribute1", "status": "32", "datatype" : "STRING"},
 "attribute2": {"name" : "attribute2", "value": -45.4566, "status": "64", "datatype" : "FLOAT"}, "attribute3": {"name" : "attribute3", "value": -45.4566, "status": "64", "datatype" : "FLOAT"}, "attribute4": {"name" : "attribute4", "value": 23.4567, "status": "1", "datatype" : "FLOAT"}}],
["2022-06-01 08:11:05.393", "123465", {"status": {"name" : "status", "value": "32", "datatype" : "STRING"}, "sampleId": {"name" : "sampleId", "value": "123465", "datatype" : "STRING"}, "attribute1" : {"name" : "attribute1", "status": "32", "datatype" : "STRING"},
 "attribute2": {"name" : "attribute2", "value": -45.4566, "status": "64", "datatype" : "FLOAT"}, "attribute3": {"name" : "attribute3", "value": -45.4566, "status": "64", "datatype" : "FLOAT"}, "attribute4": {"name" : "attribute4", "value": 23.4567, "status": "1", "datatype" : "FLOAT"}}],
["2022-06-01 08:12:05.393", "123466", {"status": {"name" : "status", "value": "32", "datatype" : "STRING"}, "sampleId": {"name" : "sampleId", "value": "123466", "datatype" : "STRING"}, "attribute1" : {"name" : "attribute1", "status": "32", "datatype" : "STRING"},
 "attribute2": {"name" : "attribute2", "value": -45.4566, "status": "64", "datatype" : "FLOAT"}, "attribute3": {"name" : "attribute3", "value": -45.4566, "status": "64", "datatype" : "FLOAT"}, "attribute4": {"name" : "attribute4", "value": 23.4567, "status": "1", "datatype" : "FLOAT"}}],
["2022-06-01 08:13:05.393", "123467", {"status": {"name" : "status", "value": "32", "datatype" : "STRING"}, "sampleId": {"name" : "sampleId", "value": "123467", "datatype" : "STRING"}, "attribute1" : {"name" : "attribute1", "status": "32", "datatype" : "STRING"},
 "attribute2": {"name" : "attribute2", "value": -45.4566, "status": "64", "datatype" : "FLOAT"}, "attribute3": {"name" : "attribute3", "value": -45.4566, "status": "64", "datatype" : "FLOAT"}, "attribute4": {"name" : "attribute4", "value": 23.4567, "status": "1", "datatype" : "FLOAT"}}]]